rank,uri,artist_names,track_name,source,peak_rank,previous_rank,weeks_on_chart,streams
1,"spotify:track:4fouWK6XVHhzl78KzQ1UjL","GAYLE","abcdefu","Atlantic/Arthouse Records",1,2,9,"32267898"
2,"spotify:track:5PjdY0CKGZdEuoNab3yDmX","The Kid LAROI, Justin Bieber","STAY (with Justin Bieber)","Columbia",1,1,27,"30097622"
3,"spotify:track:1nH2PkJL1XoUq8oE6tBZoU","The Weeknd","Sacrifice","XO / Republic Records",3,-1,1,"29522371"
4,"spotify:track:02MWAaffLxlfxAUY7c5dvx","Glass Animals","Heat Waves","Polydor Records",3,3,55,"28898527"
5,"spotify:track:46IZ0fSY2mpAiktS3KOqds","Adele","Easy On Me","Columbia",1,5,13,"27202948"
6,"spotify:track:1r9xUipOqoNwggBpENDsvJ","Imagine Dragons, JID, Arcane, League of Legends","Enemy (with JID) - from the series Arcane League of Legends","KIDinaKORNER/Interscope Records",6,7,11,"26297758"
7,"spotify:track:7rglLriMNBPAyuJOMGwi39","Elton John, Dua Lipa, PNAU","Cold Heart - PNAU Remix","EMI",4,4,22,"25912109"
8,"spotify:track:5Z9KJZvQzH6PFmb8SNkxuk","Lil Nas X, Jack Harlow","INDUSTRY BABY (feat. Jack Harlow)","Columbia",2,6,25,"24897973"
9,"spotify:track:50nfwKoDiSYg8zOCREWAm5","Ed Sheeran","Shivers","Atlantic Records UK",4,10,18,"20117876"
10,"spotify:track:2SLwbpExuoBDZBpjfefCtV","The Weeknd","Out of Time","XO / Republic Records",10,-1,1,"19101458"
11,"spotify:track:0mL82sxCRjrs3br407IdJh","The Weeknd","Is There Someone Else?","XO / Republic Records",11,-1,1,"19068950"
12,"spotify:track:20on25jryn53hWghthWWW3","ACRAZE, Cherish","Do It To It","Thrive Music, LLC",9,9,11,"19010114"
13,"spotify:track:3KyKxJ4P3pVCgaZwaq2rUC","The Weeknd","Gasoline","XO / Republic Records",13,-1,1,"18876791"
14,"spotify:track:2Ghp894n1laIf2w98VeAOJ","The Weeknd","How Do I Make You Love Me?","XO / Republic Records",14,-1,1,"18711962"
15,"spotify:track:2B4GHvToeLTOBB4QLzW3Ni","Farruko","Pepas","Sony Music Latin",4,8,27,"18706747"
16,"spotify:track:52xJxFP6TqMuO4Yt0eOkMz","Carolina Gaitán - La Gaita, Mauro Castillo, Adassa, Rhenzy Feliz, Diane Guerrero, Stephanie Beatriz, Encanto - Cast","We Don't Talk About Bruno","Walt Disney Records",16,19,3,"18355324"
17,"spotify:track:5S9Zs5g9lTWnLIboN1pdlU","Lauren Spencer-Smith","Fingers Crossed","Lauren Spencer-Smith",17,-1,1,"18286101"
18,"spotify:track:3rmo8F54jFF8OgYsqTxm5d","Ed Sheeran","Bad Habits","Atlantic Records UK",3,11,29,"17096657"
19,"spotify:track:46HNZY1i7O6jwTA7Slo2PI","Coldplay, BTS","My Universe","Parlophone UK",3,12,16,"16328409"
20,"spotify:track:6Uj1ctrBOjOas8xZXGqKk4","Doja Cat","Woman","Kemosabe Records/RCA Records",6,13,27,"16258279"
21,"spotify:track:1SOClUWhOi8vHZYMz3GluK","Jaymes Young","Infinity","Atlantic Records",16,16,11,"15985746"
22,"spotify:track:2vgUijXOTRMnWXDtvgMp2b","The Weeknd","Take My Breath","XO / Republic Records",22,-1,1,"15936947"
23,"spotify:track:2D4dV2KXDTszzJ3p3cFqhA","The Weeknd","Less Than Zero","XO / Republic Records",23,-1,1,"15342843"
24,"spotify:track:4ZtFanR9U6ndgddUvNcjcG","Olivia Rodrigo","good 4 u","Olivia Rodrigo PS",1,14,35,"15066560"
25,"spotify:track:1NhjYYcYTRywc0di98xHxf","The Weeknd, Tyler, The Creator","Here We Go… Again (feat. Tyler, the Creator)","XO / Republic Records",25,-1,1,"14848877"
26,"spotify:track:1E5Xu8dur0fAjSP1VpVhAZ","The Weeknd","Best Friends","XO / Republic Records",26,-1,1,"14588300"
27,"spotify:track:6krYS8KtmNAYyb5uTZiYW4","The Weeknd","Dawn FM","XO / Republic Records",27,-1,1,"14262747"
28,"spotify:track:5XbA7TAqsD0fj0dGBrbb0D","The Weeknd, Lil Wayne","I Heard You’re Married (feat. Lil Wayne)","XO / Republic Records",28,-1,1,"14029224"
29,"spotify:track:3DarAbFujv6eYNliUTyqtz","Doja Cat, SZA","Kiss Me More (feat. SZA)","Kemosabe Records/RCA Records",3,15,40,"13767122"
30,"spotify:track:0VjIjW4GlUZAMYd2vXMi3b","The Weeknd","Blinding Lights","Republic Records",1,17,111,"13373320"
31,"spotify:track:6I3mqTwhRpn34SLVafSH7G","Justin Bieber","Ghost","RBMG/Def Jam",25,25,17,"13254490"
32,"spotify:track:3Vi5XqYrmQgOYBajMWSvCi","Doja Cat","Need to Know","Kemosabe Records/RCA Records",6,21,31,"13161411"
33,"spotify:track:3uUuGVFu1V7jTQL60S1r8z","Lost Frequencies, Calum Scott","Where Are You Now","Epic Amsterdam",24,24,19,"13161110"
34,"spotify:track:1SC5rEoYDGUK4NfG82494W","Lil Nas X","MONTERO (Call Me By Your Name)","Columbia",1,18,42,"12666479"
35,"spotify:track:6zzdyvVWjGrQBraSvuqJPY","The Weeknd","Starry Eyes","XO / Republic Records",35,-1,1,"12612116"
36,"spotify:track:2Xr1dTzJee307rmrkt8c0g","CKay","love nwantiti (ah ah ah)","Chocolate City Music",9,20,18,"12433678"
37,"spotify:track:2JPLbjOn0wPCngEot2STUS","Bad Bunny","Yonaguni","Rimas Entertainment LLC",3,22,32,"12371670"
38,"spotify:track:4SqWKzw0CbA05TGszDgMlc","The Walters","I Love You So","Warner Records",31,31,14,"12265070"
39,"spotify:track:0e8nrvls4Qqv5Rfa2UhqmO","Lil Nas X","THATS WHAT I WANT","Columbia",3,28,17,"11883830"
40,"spotify:track:3Wrjm47oTz2sjIgck11l5e","Måneskin","Beggin'","RCA Records Label",1,23,32,"11779332"
41,"spotify:track:760jhRscwGbIIe1m1IIQpU","Jessica Darrow","Surface Pressure","Walt Disney Records",41,54,2,"11698516"
42,"spotify:track:00Blm7zeNqgYLPtW6zg8cj","Post Malone, The Weeknd","One Right Now (with The Weeknd)","Republic Records",9,32,10,"11666361"
43,"spotify:track:4gzsuuZypVbxs0Af1LSZyB","Tainy, Bad Bunny, Julieta Venegas","Lo Siento BB:/ (with Bad Bunny & Julieta Venegas)","Neon16",12,27,15,"11583791"
44,"spotify:track:5TMLavqGRKNxgzMBrVpC9R","zzoilo, Aitana","Mon Amour - Remix","Universal Music Spain S.L.",40,40,19,"11481148"
45,"spotify:track:2QjOHCTQ1Jl3zawyYOpxh6","The Neighbourhood","Sweater Weather","Columbia",35,36,72,"11387618"
46,"spotify:track:7hU3IHwjX150XLoTVmjD0q","LISA","MONEY","YG Entertainment/Interscope Records",5,29,18,"11362984"
47,"spotify:track:18asYwWugKjjsihZ0YvRxO","Tiësto, Ava Max","The Motto","Atlantic Records",35,35,10,"11344479"
48,"spotify:track:2gpWyfu7eZ01zzncHpxOtA","Swedish House Mafia, The Weeknd","Moth To A Flame (with The Weeknd)","Republic Records",7,46,12,"11160908"
49,"spotify:track:4RVwu0g32PAqgUiJoXsdF8","Billie Eilish","Happier Than Ever","Darkroom/Interscope Records",6,34,24,"11114296"
50,"spotify:track:5nujrmhLynf4yMoMtj8AQF","Dua Lipa, DaBaby","Levitating (feat. DaBaby)","Warner Records",4,26,67,"10890222"
51,"spotify:track:0NBgyml7T0IvUNbXIkcSpH","Xamã, Gustah, Neo Beats","Malvadão 3","Bagua Records",33,33,3,"10865853"
52,"spotify:track:5CZ40GBx1sQ9agT82CLQCT","Olivia Rodrigo","traitor","Olivia Rodrigo PS",7,43,34,"10820592"
53,"spotify:track:2gQPv5jvVPqU2a9HhMNO1v","BoyWithUke","Toxic","Republic Records",23,38,13,"10803508"
54,"spotify:track:759ndr57jb0URg4j9YSWml","The Weeknd","A Tale By Quincy","XO / Republic Records",54,-1,1,"10644730"
55,"spotify:track:6a4GH1gljLL7VvmO9u5O92","The Weeknd","Don’t Break My Heart","XO / Republic Records",55,-1,1,"10589657"
56,"spotify:track:5wANPM4fQCJwkGd4rN57mH","Olivia Rodrigo","drivers license","Olivia Rodrigo PS",1,42,53,"10503717"
57,"spotify:track:6mmPpaltUZK7xjNlBPQQ0p","Rauw Alejandro, Chencho Corleone","Desesperados","Sony Music Latin/Duars Entertainment",57,60,5,"10421911"
58,"spotify:track:3Kkjo3cT83cw09VJyrLNwX","Adele","Oh My God","Columbia",3,48,8,"10189540"
59,"spotify:track:5enxwA8aAbwZbf5qCHORXi","Taylor Swift","All Too Well (10 Minute Version) (Taylor's Version) (From The Vault)","Taylor Swift",1,30,9,"10121514"
60,"spotify:track:37BZB0z9T8Xu7U3e65qxFy","The Weeknd, Ariana Grande","Save Your Tears (with Ariana Grande) (Remix)","Republic Records",5,41,38,"10057161"
61,"spotify:track:4TGwERXRlyQtBdggYTHo6j","Tiago PZK, LIT killah, Maria Becerra, Nicki Nicole","Entre Nosotros (Remix) [con Nicki Nicole]","WEA Latina",61,-1,1,"9996959"
62,"spotify:track:3vJcz8exedHCjQ9ed95NqU","The Weeknd","Every Angel is Terrifying","XO / Republic Records",62,-1,1,"9616013"
63,"spotify:track:6lX6l7OuA3qrnIRfdsr0dw","Blessd, Justin Quiles, Lenny Tavárez","Medallo","WEA Latina",53,53,8,"9548437"
64,"spotify:track:5dXWFMwD7I7zXsInONVl0H","SZA","I Hate U","Top Dawg Entertainment/RCA Records",19,45,6,"9440285"
65,"spotify:track:3nOz1U41SZZ0N3fuUWr9nb","Emmy Meli","I AM WOMAN","Disruptor Records/Arista Records",51,51,7,"9269736"
66,"spotify:track:3rdAz1fbUfZxYgaCviYhRo","Rauw Alejandro","Todo De Ti","Sony Music Latin/Duars Entertainment",2,39,34,"9261151"
67,"spotify:track:2vmfvSoZBFAt9hhRoEByLi","Aventura, Bad Bunny","Volví","Rimas Entertainment LLC",10,49,24,"9182371"
68,"spotify:track:2KnLkZ3z7PO3kgVGHGqDpD","Shawn Mendes","It'll Be Okay","Shawn Mendes LP4-5 PS/ Island",57,57,6,"9124887"
69,"spotify:track:3LnpBazWpD31QMTn6LgVGv","Gunna, Future, Young Thug","pushin P (feat. Young Thug)","300 Entertainment",69,-1,1,"9123927"
70,"spotify:track:4gvrJnKCKIPiacNsWVQwEU","CKay, Dj Yo!, AX'EL","love nwantiti (feat. Dj Yo! & AX'EL) - Remix","WM South Africa",14,47,17,"8974375"
71,"spotify:track:4A8cWXxKfIL3lAyUDzXbCF","Kodak Black","Super Gremlin","Atlantic/Sniper Gang",67,67,5,"8956656"
72,"spotify:track:7sMBvZCSUl99bJLXZaLa0b","Bruno Mars, Anderson .Paak, Silk Sonic","Smokin Out The Window","Aftermath Entertainment/Atlantic",8,44,10,"8801685"
73,"spotify:track:5QO79kh1waicV47BqGRL3g","The Weeknd","Save Your Tears","Republic Records",2,71,58,"8735830"
74,"spotify:track:0Be7sopyKMv8Y8npsUkax2","Sebastian Yatra","Tacones Rojos","UMLE - Latino",58,58,8,"8727303"
75,"spotify:track:4MzXwWMhyBbmu6hOcLVD49","Bad Bunny, Jhay Cortez","DÁKITI","Rimas Entertainment LLC",1,50,63,"8594022"
76,"spotify:track:07MDkzWARZaLEdKxo6yArG","THE ANXIETY, WILLOW, Tyler Cole","Meet Me At Our Spot","MSFTSMusic / Roc Nation Records, LLC",24,55,19,"8586908"
77,"spotify:track:4iJyoBOLtHqaGxP12qzhQI","Justin Bieber, Daniel Caesar, Giveon","Peaches (feat. Daniel Caesar & Giveon)","RBMG/Def Jam",1,52,43,"8484750"
78,"spotify:track:2K7xn816oNHJZ0aVqdQsha","The Neighbourhood","Softcore","Columbia",78,-1,1,"8457969"
79,"spotify:track:2eAvDnpXP5W0cVtiI0PUxV","Ruth B.","Dandelions","Columbia",78,78,22,"8399738"
80,"spotify:track:2Gq636OOGgxCTqEuzCZhsa","Bizarrap, Tiago PZK","Tiago PZK: Bzrp Music Sessions, Vol. 48","WEA Latina/DALE PLAY Records",37,37,2,"8288528"
81,"spotify:track:0RiRZpuVRbi7oqRdSMwhQY","Post Malone, Swae Lee","Sunflower - Spider-Man: Into the Spider-Verse","Republic Records",1,59,169,"8250893"
82,"spotify:track:6UelLqGlWMcVH1E5c4H7lY","Harry Styles","Watermelon Sugar","Columbia",4,56,113,"8239840"
83,"spotify:track:2BEcap3xJtmiPaHKyfQi4e","Rvssian, Rauw Alejandro, Chris Brown","Nostálgico","Sony Music Latin",40,61,18,"8226210"
84,"spotify:track:37y7iDayfwm3WXn5BiAoRk","Steve Lacy","Dark Red","Three Quarter",66,73,23,"8112858"
85,"spotify:track:0eu4C55hL6x29mmeAjytzC","Oliver Tree","Life Goes On","Atlantic Records",15,62,19,"7996431"
86,"spotify:track:6f5ExP43esnvdKPddwKXJH","NEIKED, Mae Muller, Polo G","Better Days (NEIKED x Mae Muller x Polo G)","Capitol",32,63,13,"7933920"
87,"spotify:track:0k4d5YPDr1r7FX77VdqWez","Doja Cat, The Weeknd","You Right","Kemosabe Records/RCA Records",15,77,29,"7790200"
88,"spotify:track:1mWdTewIgB3gtBM3TOSFhB","BTS","Butter","BIGHIT MUSIC",2,65,34,"7755465"
89,"spotify:track:09gysnJpfQ3ublBmJDfcEC","Amaarae, Kali Uchis, Moliy","SAD GIRLZ LUV MONEY Remix (feat. Kali Uchis and Moliy)","0207 Def Jam",23,72,11,"7747830"
90,"spotify:track:5QDLhrAOJJdNAmCTJ8xMyW","BTS","Dynamite","BIGHIT MUSIC",2,70,73,"7716670"
91,"spotify:track:6HU7h9RYOaPRFeh0R3UeAr","Olivia Rodrigo","deja vu","Olivia Rodrigo PS",3,76,41,"7683109"
92,"spotify:track:1NlK2NtpuUazpziLhnJwEV","The Weeknd","Phantom Regret by Jim","XO / Republic Records",92,-1,1,"7629008"
93,"spotify:track:7qEHsqek33rTcFNT9PFqLf","Lewis Capaldi","Someone You Loved","Vertigo Berlin",4,80,158,"7558076"
94,"spotify:track:3XLbDUB5BX2WqL2qoAsvtb","Gunna, 21 Savage","thought i was playing","300 Entertainment",94,-1,1,"7379453"
95,"spotify:track:0G2zPzWqVjR68iNPmx2TBe","Mora, Bad Bunny, Sech","Volando - Remix","Rimas Entertainment LLC",19,82,27,"7329506"
96,"spotify:track:3PfIrDoz19wz7qK7tYeu62","Dua Lipa","Don't Start Now","Warner Records",2,64,115,"7288461"
97,"spotify:track:0pqnGHJpmpxLKifKRmU6WP","Imagine Dragons","Believer","Kid Ina Korner / Interscope",16,81,258,"7286204"
98,"spotify:track:6P096SaOzrgGxs8NWOfX7M","Tiago PZK, Trueno","Salimo de Noche","WM Chile",72,79,11,"7193066"
99,"spotify:track:1LPSkqVhWVRUkKE03YUkpB","Bruno Mars, Anderson .Paak, Silk Sonic","Leave The Door Open","Aftermath Entertainment/Atlantic",5,69,45,"7181617"
100,"spotify:track:0hYFc3HSZHDaDzquLVRwBH","Jnr Choi","TO THE MOON","Independent",100,120,2,"7173091"
101,"spotify:track:2vXKRlJBXyOcvZYTdNeckS","Gesaffelstein, The Weeknd","Lost in the Fire (feat. The Weeknd)","Columbia",12,114,11,"7150919"
102,"spotify:track:6dmXZ9B5HdFAyzHeTneYBK","ROSALÍA, The Weeknd","LA FAMA (with The Weeknd)","Columbia",32,84,9,"7107165"
103,"spotify:track:0bI7K9Becu2dtXK1Q3cZNB","Tiësto, KAROL G","Don't Be Shy","Atlantic Records",38,74,22,"7051405"
104,"spotify:track:2BcMwX1MPV6ZHP4tUT9uq6","Drake, 21 Savage, Project Pat","Knife Talk (with 21 Savage ft. Project Pat)","OVO",10,92,19,"7031718"
105,"spotify:track:0u2P5u6lvoDfwTYjAADbn4","Billie Eilish, Khalid","lovely (with Khalid)","Darkroom",24,94,195,"6934093"
106,"spotify:track:7jtQIBanIiJOMS6RyCx6jZ","Tom Odell","Another Love","ITNO/Columbia",76,100,40,"6875651"
107,"spotify:track:4b1yxSdlumA8N4fEk4UOZp","Stephanie Beatriz, Olga Merediz, Encanto - Cast","The Family Madrigal","Walt Disney Records",107,-1,1,"6834955"
108,"spotify:track:7lQ8MOhq6IN2w8EYcFNSUk","Eminem","Without Me","Aftermath",105,105,16,"6765572"
109,"spotify:track:1c4htMHiolERc0YJvZNdlc","George Henrique & Rodrigo, Marília Mendonça","Vai Lá Em Casa Hoje","Worldshow Promoções e Eventos",66,66,8,"6715222"
110,"spotify:track:4jPy3l0RUwlUI9T5XHBW2m","24kGoldn, iann dior","Mood (feat. iann dior)","Records/Columbia",1,83,75,"6702300"
111,"spotify:track:7EkWXAI1wn8Ii883ecd9xr","Surf Curse","Freaks","Surf Curse",55,96,37,"6701215"
112,"spotify:track:5rohUzwEoRsUvAA1Bf3DLo","Sebastian Yatra","Dos Oruguitas","Walt Disney Records",112,-1,1,"6651000"
113,"spotify:track:3eJH2nAjvNXdmPfBkALiPZ","Jason Derulo","Acapulco","Atlantic Records",90,90,14,"6649835"
114,"spotify:track:1kjs5eR4DMzyB0gm1Z8waV","Trueno","DANCE CRIP","NEUEN",79,86,8,"6592979"
115,"spotify:track:5Ts1DYOuouQLgzTaisxWYh","Edison Lighthouse","Love Grows (Where My Rosemary Goes)","Crimson",115,165,2,"6589275"
116,"spotify:track:5E30LdtzQTGqRvNd7l6kG5","The Neighbourhood","Daddy Issues","Columbia",99,122,66,"6523787"
117,"spotify:track:3XoYqtiWHhsk59frZupImG","Diane Guerrero, Stephanie Beatriz","What Else Can I Do?","Walt Disney Records",117,-1,1,"6397908"
118,"spotify:track:7n2FZQsaLb7ZRfRPfEeIvr","IVE","ELEVEN","STARSHIP Entertainment",103,103,6,"6374358"
119,"spotify:track:0tgVpDi06FyKpA1z0VMD4v","Ed Sheeran","Perfect","Atlantic Records UK",4,112,252,"6350259"
120,"spotify:track:4xqrdfXkTW4T0RauPLv3WA","Conan Gray","Heather","Republic Records",12,123,77,"6318608"
121,"spotify:track:4HzqWEdAbzcVFDv0pvxV4w","Maluma","Sobrio","Sony Music Latin",41,91,27,"6290197"
122,"spotify:track:4hJhHbkhZFnxmWbAkZRoe0","Fireboy DML, Ed Sheeran","Peru","YBNL Nation / EMPIRE",89,89,3,"6279942"
123,"spotify:track:6IAZHEBUIGJ6NJKxxOBIEr","Adele","Rolling in the Deep","XL Recordings",36,104,15,"6222028"
124,"spotify:track:2tGvwE8GcFKwNdAXMnlbfl","Olivia Rodrigo","happier","Olivia Rodrigo PS",12,115,34,"6221080"
125,"spotify:track:58HvfVOeJY7lUuCqF0m3ly","Elley Duhé","MIDDLE OF THE NIGHT","A Creative Music Group, Inc./RCA Records",125,139,3,"6212543"
126,"spotify:track:5g7sDjBhZ4I3gcFIpkrLuI","Bruno Mars","Locked out of Heaven","Atlantic Records",111,111,2,"6209927"
127,"spotify:track:3AJwUDP919kvQ9QcozQPxg","Coldplay","Yellow","Parlophone UK",101,117,56,"6200610"
128,"spotify:track:0W6I02J9xcqK8MtSeosEXb","Doja Cat","Get Into It (Yuh)","Kemosabe Records/RCA Records",36,95,24,"6191817"
129,"spotify:track:0WSEq9Ko4kFPt8yo3ICd6T","Kanye West","Praise God","Rock The World/IDJ/Kanye LP7",16,129,18,"6160262"
130,"spotify:track:29TPjc8wxfz4XMn21O7VsZ","Playboi Carti","Sky","AWGE/Interscope Records",113,116,13,"6149446"
131,"spotify:track:3yfqSUWxFvZELEM4PmlwIR","Eminem","The Real Slim Shady","Interscope",123,141,32,"6125752"
132,"spotify:track:2USlegnFJLrVLpoVfPimKB","Gabry Ponte, LUM!X, Prezioso","Thunder","Spinnin' Records",110,110,6,"6106341"
133,"spotify:track:2gMXnyrvIjhVBUZwvLZDMP","Lewis Capaldi","Before You Go","Vertigo Berlin",19,134,112,"6103960"
134,"spotify:track:6f3Slt0GbA2bPZlz0aIFXN","Tiësto","The Business","Atlantic Records",9,87,63,"6076343"
135,"spotify:track:6gPPoRYJwCsoB2VVdPJfmo","David Kushner","Miserable Man","David Kushner",135,-1,1,"6048754"
136,"spotify:track:4qsOrxBv09HhNSpsgMRXdC","Marília Mendonça, Maiara & Maraisa","Esqueça-Me Se For Capaz","Som Livre",67,85,10,"6033256"
137,"spotify:track:35mvY5S1H3J2QZyna3TFe0","Ariana Grande","positions","Republic Records",1,130,64,"5974113"
138,"spotify:track:4pt5fDVTg5GhEvEtlz9dKk","Måneskin","I WANNA BE YOUR SLAVE","RCA Records Label",8,102,34,"5951207"
139,"spotify:track:5JCoSi02qi3jJeHdZXMmR8","Olivia Rodrigo","favorite crime","Olivia Rodrigo PS",11,155,30,"5921683"
140,"spotify:track:4XvcHTUfIlWfyJTRG0aqlo","Sleepy Hallow","2055","Winners Circle/RCA Records",31,126,26,"5883775"
141,"spotify:track:0boodYr1uIpSVmGSP65Fmk","Gunna, Lil Baby","25k jacket (feat. Lil Baby)","300 Entertainment",141,-1,1,"5873003"
142,"spotify:track:6E90gq0KO6FYZVOXx8kCcC","Masked Wolf","Astronaut In The Ocean","Elektra (NEK)",3,125,52,"5870106"
143,"spotify:track:7fBv7CLKzipRk6EC6TWHOB","The Weeknd","The Hills","Universal Republic Records",52,190,37,"5868583"
144,"spotify:track:3JCaq3KDSROg3TXhdiDa9n","Jhay Cortez, Anuel AA","Ley Seca","N&E Entertainment LLC",44,119,19,"5857667"
145,"spotify:track:2N8m6CYs74qQO4mjVcXO30","Tones And I","Dance Monkey","Elektra (NEK)",1,97,130,"5845179"
146,"spotify:track:2iCDO8ePNuCvMiMFc0FQdA","Gunna","alotta cake","300 Entertainment",146,-1,1,"5835703"
147,"spotify:track:48QmG1dfvMuYLxMPt7KSRA","Sean Paul, Dua Lipa","No Lie","Universal-Island Records Ltd.",80,138,24,"5816323"
148,"spotify:track:0ct6r3EGTcMLPtrXHDvVjc","Avicii","The Nights","Universal Music AB",44,133,44,"5799312"
149,"spotify:track:2tpWsVSb9UEmDRxAl1zhX1","OneRepublic","Counting Stars","Mosley / Interscope",138,143,44,"5781248"
150,"spotify:track:0k1WUmIRnG3xU6fvvDVfRG","Drake, Future, Young Thug","Way 2 Sexy (with Future & Young Thug)","OVO",5,128,19,"5775630"
151,"spotify:track:7qiZfU4dY1lWllzX7mPBI3","Ed Sheeran","Shape of You","Atlantic Records UK",1,113,259,"5764562"
152,"spotify:track:2LBqCSwhJGcFQeTHMVGwy3","The Weeknd","Die For You","Universal Republic Records",152,-1,7,"5757845"
153,"spotify:track:6Dy1jexKYriXAVG6evyUTJ","Joel Corry, Jax Jones, Charli XCX, Saweetie","OUT OUT (feat. Charli XCX & Saweetie)","Atlantic Records UK",42,88,20,"5756873"
154,"spotify:track:21jGcNKet2qwijlDFuPiPb","Post Malone","Circles","Republic Records",1,108,124,"5748871"
155,"spotify:track:6D2TCm4nf5nxAcdGJ7w3QP","J Balvin, Maria Becerra","Qué Más Pues?","Sueños Globales, LLC",9,101,33,"5746363"
156,"spotify:track:4cG7HUWYHBV6R6tHn1gxrl","Riton, Nightcrawlers, Mufasa & Hypeman, Dopamine","Friday (feat. Mufasa & Hypeman) - Dopamine Re-Edit","Ministry of Sound Recordings",15,68,47,"5741857"
157,"spotify:track:1FlL8ycld6uVDDyhV7P5FA","Rauw Alejandro","Cúrame","Sony Music Latin/Duars Entertainment",35,109,25,"5724502"
158,"spotify:track:1qE8DOtw7zdXHMgZm20eLM","TWICE","The Feels","Republic Records - TWICE",57,137,15,"5722518"
159,"spotify:track:161DnLWsx1i3u1JT05lzqU","Bruno Mars","Talking to the Moon","Atlantic Records",45,162,40,"5690273"
160,"spotify:track:2ZGEjmwyeZ3rpEezkZwqOP","Gunna, Young Thug","mop (feat. Young Thug)","300 Entertainment",160,-1,1,"5679681"
161,"spotify:track:3FAJ6O0NOHQV8Mc5Ri6ENp","Giveon","Heartbreak Anniversary","Epic/Not So Fast",8,160,46,"5679397"
162,"spotify:track:3dYD57lRAUcMHufyqn9GcI","Hozier","Take Me to Church","Columbia",108,152,65,"5675208"
163,"spotify:track:285pBltuF7vW8TeWk8hdRR","Juice WRLD","Lucid Dreams","Juice WRLD Mixtape / ISR P&D",3,147,184,"5673891"
164,"spotify:track:05bfbizlM5AX6Mf1RRyMho","Nio Garcia, J Balvin, Bad Bunny","AM Remix","Flow La Movie",14,127,29,"5671323"
165,"spotify:track:48q0vSHcJdhK3IiXH8C5WJ","Arctic Monkeys","Why'd You Only Call Me When You're High?","Domino Recording Co",104,154,23,"5661457"
166,"spotify:track:0gucTLf7trAf37Ua1uAyAu","Nirvana","Smells Like Teen Spirit","Geffen",109,144,53,"5660164"
167,"spotify:track:6M3PsepEj5gyJoIi7Xvr7u","The Weeknd","Take My Breath","XO / Republic Records",7,146,21,"5656219"
168,"spotify:track:2VxeLyX666F8uXCJ0dZF8B","Lady Gaga, Bradley Cooper","Shallow","A Star is Born OST",3,150,170,"5624453"
169,"spotify:track:45bE4HXI0AwGZXfZtMp8JR","Tate McRae","you broke me first","RCA Records Label",13,171,77,"5616046"
170,"spotify:track:0lJE8f0lx8mUSfMyxeYpiC","TINI, L-Gante","Bar","Sony Music Latin",99,136,9,"5615787"
171,"spotify:track:58ge6dfP91o9oXMzq3XkIS","Arctic Monkeys","505","Domino/Warner Records",171,178,2,"5606655"
172,"spotify:track:04sN26COy28wTXYj3dMoiZ","Billie Eilish","Bored","Darkroom",51,164,15,"5601632"
173,"spotify:track:0So2sgVa8aJiARPl2P29u2","SALES","Pope Is a Rockstar","SALES",108,121,5,"5600646"
174,"spotify:track:003vvx7Niy0yvhvHt4a68B","The Killers","Mr. Brightside","Island Records",98,98,77,"5600080"
175,"spotify:track:5VTjBl3ddZEiG2LrH4VzyR","Zé Felipe, Mc Danny","Toma Toma Vapo Vapo","Som Livre",75,75,7,"5598108"
176,"spotify:track:3U4isOIWM3VvDubwSI3y7a","John Legend","All of Me","G.O.O.D. Music/Columbia",110,176,144,"5563960"
177,"spotify:track:32BeYxKPrig1LefHsC0Xuo","Billie Eilish","Happier Than Ever - Edit","Darkroom/Interscope Records",70,180,16,"5552712"
178,"spotify:track:68HocO7fx9z0MgDU0ZPHro","NIKI","Every Summertime","MARVEL/Hollywood Records, Inc./Interscope Records",178,-1,1,"5539950"
179,"spotify:track:40iJIUlhi6renaREYGeIDS","Drake, Travis Scott","Fair Trade (with Travis Scott)","OVO",3,151,18,"5527494"
180,"spotify:track:6nkoWsFZeFt5dUdNmlIceh","Gusttavo Lima","Bloqueado - Ao Vivo","Sony Music Entertainment",131,131,3,"5500938"
181,"spotify:track:5UlnuulVAVmmesw4VzqHdG","Imagine Dragons, Arcane, League of Legends","Enemy - From the series Arcane League of Legends","KIDinaKORNER/Interscope Records",181,188,2,"5489922"
182,"spotify:track:5uCax9HTNlzGybIStD3vDh","James Arthur","Say You Won't Let Go","Columbia",7,192,258,"5487171"
183,"spotify:track:1J14CdDAvBTE1AJYUOwl6C","Duncan Laurence","Arcade","Universal Music, a division of Universal International Music BV",23,167,51,"5486252"
184,"spotify:track:0yL7K9MzC20uBesZTPY81r","DJ Matt D, Menor MC, MC GP, Vulgo FK","Pandora","GREE CASSUA",161,161,2,"5479072"
185,"spotify:track:18vXApRmJSgQ6wG2ll9AOg","Polo G","RAPSTAR","Columbia",3,140,39,"5466233"
186,"spotify:track:1u8c2t2Cy7UBoG4ArRcF5g","Taylor Swift","Blank Space","Big Machine Records, LLC",140,174,10,"5438050"
187,"spotify:track:60ynsPSSKe6O3sfwRnIBRf","Doja Cat","Streets","Kemosabe Records/RCA Records",9,163,37,"5431665"
188,"spotify:track:5W1qmxHrMlQGGAiFA3ZQqP","Dímelo Flow, Dalex, Sech, Justin Quiles, Arcangel, De La Ghetto, Lenny Tavárez","Se Le Ve","Rich Music",188,195,2,"5429947"
189,"spotify:track:3QFInJAm9eyaho5vBzxInN","Baby Keem, Kendrick Lamar","family ties (with Kendrick Lamar)","Columbia",30,157,19,"5426660"
190,"spotify:track:5902W4uHWzhtOff1UK7the","Alesso, Katy Perry","When I’m Gone (with Katy Perry)","10:22PM/Astralwerks",135,135,2,"5415421"
191,"spotify:track:4u7EnebtmKWzUH433cf5Qv","Queen","Bohemian Rhapsody - Remastered 2011","Hollywood Records",11,132,173,"5414622"
192,"spotify:track:4cktbXiXOapiLBMprHFErI","Maroon 5","Memories","Interscope Records*",2,166,115,"5399066"
193,"spotify:track:0cOa970mzTWAxKtltpkpLc","TINI, Maria Becerra","Miénteme","Sony Music Latin",41,142,34,"5385105"
194,"spotify:track:04S1pkp1VaIqjg8zZqknR5","Taylor Swift","Enchanted","Big Machine Records, LLC",61,177,9,"5377619"
195,"spotify:track:4qu63nuBpdn0qHUHuObEj1","Marshmello, Jonas Brothers","Leave Before You Love Me (with Jonas Brothers)","Republic Records",52,183,29,"5327133"
196,"spotify:track:3XYRV7ZSHqIRDG87DKTtry","BTS","Permission to Dance","BIGHIT MUSIC",5,186,25,"5311836"
197,"spotify:track:7MXVkk9YMctZqd1Srtv4MB","The Weeknd, Daft Punk","Starboy","Universal Republic Records",1,-1,83,"5310334"
198,"spotify:track:6v3KW9xbzN5yKLt9YKDYA2","Shawn Mendes, Camila Cabello","Señorita","Island Records",1,168,128,"5299432"
199,"spotify:track:4xkOaSrkexMciUUogZKVTS","Eminem, Nate Dogg","'Till I Collapse","Aftermath",144,-1,29,"5281784"
200,"spotify:track:7yq4Qj7cqayVTp3FF9CWbm","Vance Joy","Riptide","Atlantic Records",122,193,54,"5265901"
